电影ID,情绪
1291543,anger
1291571,anger
1292000,anger
1300267,anger
1301130,anger
1306207,anger
1437907,anger
1818330,anger
2156806,anger
2156806,anger
2334904,anger
2357701,anger
26389539,anger
26586556,anger
26811587,anger
26816104,anger
26816104,anger
30181250,anger
3076030,anger
3403157,anger
3403157,anger
34429795,anger
34429795,anger
34779692,anger
34884621,anger
35228399,anger
35382381,anger
35424896,anger
35461578,anger
35493148,anger
35496206,anger
35516034,anger
35874082,anger
35874082,anger
35897024,anger
35897024,anger
35900174,anger
35927475,anger
35927475,anger
36001527,anger
36001527,anger
36073533,anger
36073533,anger
36073533,anger
36117593,anger
36131988,anger
36135296,anger
36149743,anger
36188176,anger
36208896,anger
36236098,anger
36245712,anger
36344539,anger
36399603,anger
36474027,anger
36512371,anger
36587946,anger
36600459,anger
36600459,anger
36654373,anger
36742579,anger
36779171,anger
36779799,anger
36779799,anger
36832900,anger
36833084,anger
36877322,anger
36877322,anger
36897391,anger
36901008,anger
36948643,anger
36955254,anger
36978167,anger
36979516,anger
37014022,anger
37040125,anger
37046106,anger
37049749,anger
37061195,anger
37106646,anger
37107063,anger
37191804,anger
37193378,anger
37193378,anger
37211128,anger
37213104,anger
37226826,anger
37259325,anger
37305658,anger
37335090,anger
37344363,anger
37474018,anger
37479626,anger
37480003,anger
37657537,anger
38242772,anger
38413999,anger
4092781,anger
5348089,anger
5912992,anger
7958408E039B8E6F38CD4B656FA4EA32.jpg,anger
10533913,disgust
1291543,disgust
1291543,disgust
1292872,disgust
1293182,disgust
1299131,disgust
1394515,disgust
1420283,disgust
1917633,disgust
2054458,disgust
26022233,disgust
26900149,disgust
27060077,disgust
30368790,disgust
3076030,disgust
3403157,disgust
34429795,disgust
35373284,disgust
35382381,disgust
35391124,disgust
35424896,disgust
35460695,disgust
35497671,disgust
35516034,disgust
35861916,disgust
36073533,disgust
36154853,disgust
36174652,disgust
36207392,disgust
36331304,disgust
36344539,disgust
36367195,disgust
36368568,disgust
36394949,disgust
36402017,disgust
36539452,disgust
36600459,disgust
36600459,disgust
36766219,disgust
36779171,disgust
36809864,disgust
36838688,disgust
36923857,disgust
36948643,disgust
36979516,disgust
37045933,disgust
37168695,disgust
37193378,disgust
37305658,disgust
37479626,disgust
37561035,disgust
38242772,disgust
38363138,disgust
4915857,disgust
1299398,fear
1300443,fear
1301130,fear
1418141,fear
1457217,fear
24380773,fear
24380773,fear
26022233,fear
26100958,fear
27077476,fear
30174089,fear
30433390,fear
3092327,fear
3403157,fear
35215516,fear
35228399,fear
35230515,fear
35230515,fear
35267208,fear
35443478,fear
36176155,fear
36314193,fear
36437002,fear
36512371,fear
36707378,fear
36777886,fear
36779171,fear
36882158,fear
36901661,fear
36909418,fear
36955254,fear
36955254,fear
36961977,fear
36962085,fear
37005312,fear
37045933,fear
37071133,fear
37134618,fear
37155129,fear
37219584,fear
37284351,fear
37388734,fear
10439912,happy
10455077,happy
10455077,happy
1291574,happy
1291575,happy
1291828,happy
1291828,happy
1291838,happy
1292000,happy
1292064,happy
1292656,happy
1292656,happy
1292722,happy
1292745,happy
1293497,happy
1293497,happy
1293637,happy
1293839,happy
1293839,happy
1295409,happy
1295409,happy
1295409,happy
1296852,happy
1297122,happy
1297122,happy
1297403,happy
1297518,happy
1297756,happy
1297767,happy
1298704,happy
1299398,happy
1301406,happy
1301406,happy
1301406,happy
1301406,happy
1302425,happy
1303712,happy
1306207,happy
1306207,happy
1306249,happy
1306249,happy
1306418,happy
1306418,happy
1307394,happy
1394515,happy
1420238,happy
1421737,happy
1422907,happy
1422907,happy
1422955,happy
1437907,happy
1441038,happy
1761398,happy
1761398,happy
1761398,happy
1766836,happy
1783457,happy
1849031,happy
1858711,happy
1858711,happy
1858711,happy
1907966,happy
1907966,happy
1907966,happy
1907966,happy
2037432,happy
2037432,happy
2054458,happy
2143102,happy
2262170,happy
2286642,happy
24733428,happy
25859417,happy
25934014,happy
25934014,happy
25958717,happy
25958717,happy
26335563,happy
26335563,happy
26340419,happy
26340419,happy
26340419,happy
26387939,happy
26817136,happy
26900149,happy
27007465,happy
27007465,happy
27622447,happy
27622447,happy
27622447,happy
27622447,happy
27622447,happy
2998373,happy
30345743,happy
30435124,happy
3102668,happy
3233635,happy
3269068,happy
3269068,happy
33414470,happy
33414470,happy
34429795,happy
34429795,happy
34429795,happy
34453198,happy
34807062,happy
34874432,happy
35193100,happy
35203204,happy
35284253,happy
35284253,happy
35295232,happy
35351910,happy
35351910,happy
35382381,happy
35382381,happy
35382381,happy
35461578,happy
35466485,happy
35466485,happy
35466485,happy
35483395,happy
35483395,happy
35604019,happy
35633904,happy
35700339,happy
35700339,happy
35700339,happy
35700339,happy
35700339,happy
35700339,happy
35725869,happy
35725869,happy
35811225,happy
35811225,happy
35811225,happy
35811225,happy
35811225,happy
35811225,happy
35811225,happy
35815771,happy
35876278,happy
35891632,happy
35919620,happy
35919620,happy
35927475,happy
35930441,happy
35936983,happy
36035676,happy
36065756,happy
36090458,happy
36117334,happy
36149743,happy
36151692,happy
36166587,happy
36171586,happy
36171586,happy
36173819,happy
36173819,happy
36173819,happy
36173819,happy
36173819,happy
36220880,happy
36245712,happy
36253688,happy
36282639,happy
36282639,happy
36282639,happy
36282639,happy
36293636,happy
36299802,happy
36313679,happy
36313679,happy
36354086,happy
36368568,happy
36394949,happy
36409554,happy
36409554,happy
36427189,happy
36427189,happy
36441385,happy
36441607,happy
36453674,happy
36459360,happy
36459360,happy
36459360,happy
36459360,happy
36471673,happy
36471673,happy
36481449,happy
36484198,happy
36512371,happy
36520422,happy
36576305,happy
36587946,happy
36587946,happy
36587946,happy
36587946,happy
36587974,happy
36620952,happy
36620952,happy
36620952,happy
36620952,happy
36620952,happy
36620952,happy
36621371,happy
36621371,happy
36624248,happy
36631864,happy
36642518,happy
36642518,happy
36654373,happy
36654373,happy
36654373,happy
36654373,happy
36657639,happy
36657783,happy
36657783,happy
36657783,happy
36684858,happy
36689647,happy
36707354,happy
36742572,happy
36743398,happy
36743398,happy
36768946,happy
36782374,happy
36782374,happy
36788576,happy
36788576,happy
36790513,happy
36790513,happy
36790513,happy
36790513,happy
36802241,happy
36824372,happy
36838688,happy
36838707,happy
36838707,happy
36882127,happy
36882158,happy
36882158,happy
36892847,happy
36892847,happy
36894170,happy
36894305,happy
36900800,happy
36907763,happy
36923857,happy
36924154,happy
36924154,happy
36941169,happy
36948465,happy
36948465,happy
36948465,happy
36948465,happy
36948465,happy
36948465,happy
36950864,happy
36955254,happy
36955254,happy
36955254,happy
36961977,happy
36962085,happy
36987573,happy
36987573,happy
36988926,happy
36988926,happy
36995126,happy
36995126,happy
36999797,happy
37006600,happy
37015016,happy
37018194,happy
37022026,happy
37022026,happy
37045926,happy
37046364,happy
37067150,happy
37069578,happy
37070295,happy
37070295,happy
37070295,happy
37089563,happy
37090070,happy
37090070,happy
37090455,happy
37107803,happy
37113995,happy
37113995,happy
37113995,happy
37113995,happy
37123674,happy
37154895,happy
37155129,happy
37155129,happy
37155129,happy
37155129,happy
37168695,happy
37168695,happy
37168695,happy
37195133,happy
37207219,happy
37211128,happy
37211128,happy
37211128,happy
37211128,happy
37211128,happy
37211128,happy
37212415,happy
37213104,happy
37219584,happy
37219584,happy
37219584,happy
37219584,happy
37219584,happy
37236843,happy
37236843,happy
37236843,happy
37236843,happy
37236843,happy
37258105,happy
37279599,happy
37279599,happy
37303803,happy
37303803,happy
37322586,happy
3833816,happy
3975041BBF2B0410C9740467E3B45DF7.jpg,happy
4063960,happy
4063960,happy
4202982,happy
4739952,happy
4915857,happy
6786002,happy
6786002,happy
10439912,normal
10439912,normal
10455077,normal
1291543,normal
1291543,normal
1291543,normal
1291571,normal
1291571,normal
1291832,normal
1291843,normal
1291999,normal
1292223,normal
1292370,normal
1292370,normal
1292402,normal
1292722,normal
1292849,normal
1292849,normal
1292872,normal
1292872,normal
1292968,normal
1293395,normal
1293544,normal
1294547,normal
1295038,normal
1296339,normal
1296786,normal
1296786,normal
1296852,normal
1296996,normal
1296996,normal
1297767,normal
1298070,normal
1298070,normal
1298070,normal
1298257,normal
1298704,normal
1298704,normal
1299398,normal
1300299,normal
1300299,normal
1301130,normal
1302425,normal
1303712,normal
1303993,normal
1305152,normal
1305948,normal
1306029,normal
1307394,normal
1395091,normal
1401264,normal
1418200,normal
1420283,normal
1421737,normal
1437907,normal
1441038,normal
1441038,normal
1441893,normal
1457217,normal
1818330,normal
2080508,normal
2156806,normal
2156806,normal
2156806,normal
2262160,normal
2262170,normal
2262170,normal
2270130,normal
2270130,normal
24380749,normal
25887288,normal
25887288,normal
26022233,normal
26022233,normal
26340419,normal
26351864,normal
26389539,normal
26387939,normal
26389539,normal
26580232,normal
26580232,normal
26580232,normal
26586556,normal
26900149,normal
26900149,normal
27007465,normal
27073192,normal
27077476,normal
30174089,normal
30174089,normal
30174089,normal
30181250,normal
30181250,normal
3026919,normal
30286126,normal
30368790,normal
30368790,normal
30388206,normal
3076030,normal
3076030,normal
33414470,normal
33414470,normal
33414470,normal
3403157,normal
3403157,normal
3418199,normal
34429795,normal
34453198,normal
34825559,normal
34850525,normal
34874432,normal
34930810,normal
34930810,normal
34930810,normal
35136718,normal
35203204,normal
35267208,normal
35295339,normal
35351910,normal
35351910,normal
35382381,normal
35391124,normal
35391124,normal
35416174,normal
35416174,normal
35416174,normal
35416174,normal
35424896,normal
35424896,normal
35483395,normal
35496206,normal
35497671,normal
35503392,normal
35515145,normal
35629810,normal
35633741,normal
35633741,normal
35633904,normal
35689244,normal
35689244,normal
35689244,normal
35705745,normal
35811225,normal
35840697,normal
35861791,normal
35861916,normal
35861916,normal
35907663,normal
35948807,normal
36001527,normal
36001527,normal
36065756,normal
36065849,normal
36066090,normal
36066090,normal
36073533,normal
36085606,normal
36135296,normal
36135296,normal
36135296,normal
36135296,normal
36149743,normal
36154853,normal
36166587,normal
36171172,normal
36171174,normal
36176155,normal
36176155,normal
36188176,normal
36193097,normal
36208089,normal
36208896,normal
36217796,normal
36217796,normal
36236098,normal
36247731,normal
36251580,normal
36282639,normal
36296618,normal
36314193,normal
36314193,normal
36344539,normal
36354086,normal
36354086,normal
36354086,normal
36367195,normal
36368568,normal
36374671,normal
36374671,normal
36402017,normal
36406672,normal
36413501,normal
36418001,normal
36439490,normal
36441385,normal
36453674,normal
36474027,normal
36512371,normal
36558612,normal
36558612,normal
36587946,normal
36600459,normal
36620952,normal
36642518,normal
36657738,normal
36686691,normal
36691620,normal
36700841,normal
36712987,normal
36748074,normal
36748074,normal
36766219,normal
36766219,normal
36772308,normal
36779171,normal
36779337,normal
36779799,normal
36802241,normal
36802241,normal
36809864,normal
36809864,normal
36823396,normal
36832900,normal
36832900,normal
36838688,normal
36851291,normal
36879624,normal
36894170,normal
36894305,normal
36894305,normal
36901008,normal
36901008,normal
36901008,normal
36901661,normal
36901661,normal
36901661,normal
36907423,normal
36907763,normal
36909418,normal
36913048,normal
36916004,normal
36923857,normal
36934908,normal
36936222,normal
36936222,normal
36941169,normal
36948465,normal
36948465,normal
36948465,normal
36948643,normal
36948664,normal
36954004,normal
36954004,normal
36955254,normal
36955254,normal
36955254,normal
36961977,normal
36961977,normal
36962085,normal
36964147,normal
36988926,normal
36988926,normal
36989716,normal
36999797,normal
37005312,normal
37013958,normal
37013958,normal
37013958,normal
37015016,normal
37032137,normal
37045926,normal
37045933,normal
37045933,normal
37049323,normal
37049323,normal
37049749,normal
37067150,normal
37069578,normal
37069578,normal
37070295,normal
37090070,normal
37090070,normal
37107063,normal
37107803,normal
37107803,normal
37107803,normal
37107803,normal
37107803,normal
37107803,normal
37116612,normal
37130746,normal
37133851,normal
37134889,normal
37134889,normal
37154895,normal
37155129,normal
37155129,normal
37155129,normal
37155129,normal
37155129,normal
37168695,normal
37168714,normal
37168714,normal
37168714,normal
37193378,normal
37193378,normal
37242440,normal
37242440,normal
37242440,normal
37246591,normal
37258105,normal
37269786,normal
37269786,normal
37293378,normal
37296317,normal
37296317,normal
37335090,normal
37296317,normal
37305658,normal
37305658,normal
37312482,normal
37312482,normal
37322522,normal
37322522,normal
37331479,normal
37331479,normal
37344363,normal
37383596,normal
3742360,normal
3742360,normal
37427884,normal
37455042,normal
37455042,normal
37474018,normal
37512260,normal
37560609,normal
37561035,normal
38363138,normal
38396481,normal
38396481,normal
38413999,normal
4920389,normal
5348089,normal
5912992,normal
6886957,normal
1291818,sad
1291841,sad
1291843,sad
1292745,sad
1293329,sad
1293395,sad
1293497,sad
1295038,sad
1296192,sad
1296786,sad
1298704,sad
1418427,sad
1422193,sad
1422907,sad
1432146,sad
1437907,sad
1461403,sad
1464570,sad
1761398,sad
2000736,sad
2051007,sad
2130014,sad
2156806,sad
24773958,sad
25837262,sad
26351864,sad
26351864,sad
26387939,sad
26387939,sad
26816104,sad
27073192,sad
27200768,sad
2998373,sad
30166972,sad
30166972,sad
30286126,sad
30388206,sad
3087672,sad
34429795,sad
34453198,sad
34850565,sad
34874432,sad
34930810,sad
34930810,sad
34930810,sad
35267208,sad
35267208,sad
35352356,sad
35416174,sad
35424896,sad
35424896,sad
35424896,sad
35493148,sad
35503392,sad
35604019,sad
35618471,sad
35618471,sad
35681325,sad
35681325,sad
35689244,sad
35700339,sad
35712796,sad
35750086,sad
35861916,sad
36117593,sad
36135296,sad
36139721,sad
36139946,sad
36139946,sad
36154853,sad
36174652,sad
36174934,sad
36207392,sad
36211169,sad
36211169,sad
36211169,sad
36217796,sad
36253688,sad
36340655,sad
36354086,sad
36354086,sad
36354086,sad
36402017,sad
36413501,sad
36481186,sad
36503073,sad
36503073,sad
36523156,sad
36530113,sad
36600459,sad
36600459,sad
36600459,sad
36600459,sad
36617767,sad
36642389,sad
36686691,sad
36712987,sad
36779337,sad
36779799,sad
36802241,sad
36809864,sad
36822550,sad
36840069,sad
36877322,sad
36877322,sad
36879624,sad
36897391,sad
36897391,sad
36916004,sad
36923857,sad
36923857,sad
36923857,sad
36936222,sad
36954004,sad
36954004,sad
36955254,sad
36961977,sad
36962085,sad
36969497,sad
36975801,sad
36977669,sad
36987573,sad
36999797,sad
37019075,sad
37066724,sad
37070561,sad
37089563,sad
37107063,sad
37107063,sad
37144851,sad
37155367,sad
37168695,sad
37193378,sad
37226826,sad
37229744,sad
37236843,sad
37242440,sad
37246591,sad
37258105,sad
37279599,sad
37311135,sad
37322522,sad
37388734,sad
37474018,sad
37474018,sad
37517140,sad
37657537,sad
38413999,sad
5322596,sad
5912992,sad
11589036,surprised
1291575,surprised
1293172,surprised
1309060,surprised
1309060,surprised
1309201,surprised
1441039,surprised
1457217,surprised
1907966,surprised
1907966,surprised
20284710,surprised
2357703,surprised
26100958,surprised
30208010,surprised
3036473,surprised
30433390,surprised
3092327,surprised
34453198,surprised
34825559,surprised
34977888,surprised
35010610,surprised
35364691,surprised
35382381,surprised
35461578,surprised
35483395,surprised
35515145,surprised
35712796,surprised
35907663,surprised
36024571,surprised
36090457,surprised
36135296,surprised
36135296,surprised
36135296,surprised
36135296,surprised
36139721,surprised
36139721,surprised
36154853,surprised
36171174,surprised
36171586,surprised
36174652,surprised
36176155,surprised
36185502,surprised
36207392,surprised
36381774,surprised
36394949,surprised
36427189,surprised
36441385,surprised
36463483,surprised
36463483,surprised
36463483,surprised
36467821,surprised
36474027,surprised
36484198,surprised
36522427,surprised
36620952,surprised
36642518,surprised
36642518,surprised
36657738,surprised
36680492,surprised
36707354,surprised
36752929,surprised
36765646,surprised
36806351,surprised
36809864,surprised
36809864,surprised
36840069,surprised
36840069,surprised
36877322,surprised
36882158,surprised
36882158,surprised
36894897,surprised
36901661,surprised
36907423,surprised
36932394,surprised
36936222,surprised
36936356,surprised
36955254,surprised
36988926,surprised
36988926,surprised
36988926,surprised
37045933,surprised
37049749,surprised
37107803,surprised
37130746,surprised
37134618,surprised
37134618,surprised
37154895,surprised
37193378,surprised
37236843,surprised
37242440,surprised
37242440,surprised
37242440,surprised
37387189,surprised
37480003,surprised
38222804,surprised
4739952,surprised
4915857,surprised
5348089,surprised
6850547,surprised
cb664ced2fe593fc4618db1bd116f8f1.jpg,surprised
